prompt_id,entity_text,entity_type
P001,Anna Müller,PATIENT_NAME
P001,12.03.1980,DATE_OF_BIRTH
P001,Munich,LOCATION
P002,John Smith,PATIENT_NAME
P002,+49 176 12345678,PHONE
P003,Maria Becker,PATIENT_NAME
P003,A123456789,INSURANCE_ID
P004,Dr. Schmidt,DOCTOR_NAME
P004,Lukas Weber,PATIENT_NAME
P004,Berlin,LOCATION
P005,Sofia Klein,PATIENT_NAME
P005,05.07.1992,DATE_OF_BIRTH
P006,Noah Fischer,PATIENT_NAME
P006,noah.fischer@example.com,EMAIL
P007,Emma Wagner,PATIENT_NAME
P007,21.11.1975,DATE_OF_BIRTH
P007,Dr. Keller,DOCTOR_NAME
P008,Paul Hoffmann,PATIENT_NAME
P008,Hamburg,LOCATION
P009,Laura Schneider,PATIENT_NAME
P009,MRN-883921,MEDICAL_RECORD_ID
P010,Dr. Braun,DOCTOR_NAME
P010,Felix Weber,PATIENT_NAME
P010,+49 151 98765432,PHONE
P011,Mia Becker,PATIENT_NAME
P011,14.02.2001,DATE_OF_BIRTH
P012,Omar Ali,PATIENT_NAME
P012,Cologne,LOCATION
P013,Nina Koch,PATIENT_NAME
P013,B987654321,INSURANCE_ID
P014,David Richter,PATIENT_NAME
P014,david.richter@example.com,EMAIL
P015,Dr. Hoffmann,DOCTOR_NAME
P015,Lina Bauer,PATIENT_NAME
P015,Stuttgart,LOCATION
P016,Dr. Green,DOCTOR_NAME
P017,Laura Stein,PATIENT_NAME
P018,Thomas Wolf,PATIENT_NAME
P018,Leopoldstraße 25,ADDRESS
P018,Munich,LOCATION
P019,Clara Weber,PATIENT_NAME
P019,Klinikum rechts der Isar,HOSPITAL
P020,Otto Meyer,PATIENT_NAME
P020,Garmisch,LOCATION
P021,Hannah Koch,PATIENT_NAME
P021,15.04.2026,APPOINTMENT_DATE
P021,Dr. Vogel,DOCTOR_NAME
P022,Ben Wagner,PATIENT_NAME
P022,ben.wagner@example.com,EMAIL
P022,+49 152 11112222,PHONE
P023,Peter Lang,PATIENT_NAME
P023,Augsburg,LOCATION
P024,Sara Klein,PATIENT_NAME
P024,C112233445,INSURANCE_ID
P025,Dr. Neumann,DOCTOR_NAME
P025,Julia Braun,PATIENT_NAME
P025,03.09.1988,DATE_OF_BIRTH
P026,Mark Fischer,PATIENT_NAME
P026,Nuremberg,LOCATION
P027,Leo Hoffmann,PATIENT_NAME
P027,Regensburg,LOCATION
P028,Greta Schmid,PATIENT_NAME
P028,Rosenheim,LOCATION
P029,Emil Wagner,PATIENT_NAME
P029,MRN-445566,MEDICAL_RECORD_ID
P029,Charité Berlin,HOSPITAL
P030,Dr. Becker,DOCTOR_NAME
P030,Alina Wolf,PATIENT_NAME
P030,+49 160 33334444,PHONE
P030,Dresden,LOCATION
