prompt_id,task_type,prompt
P001,summarization,"Patient Anna Müller, born on 12.03.1980, lives in Munich and has Type 2 diabetes. Summarize her treatment plan."
P002,patient_explanation,"John Smith, phone +49 176 12345678, was diagnosed with hypertension. Explain the condition in simple words."
P003,medication_summary,"Patient Maria Becker, insurance ID A123456789, takes Metformin for Type 2 diabetes. Summarize the medication instructions."
P004,referral,"Dr. Schmidt referred patient Lukas Weber from Berlin for chest pain evaluation. Prepare a short referral summary."
P005,lab_explanation,"Sofia Klein, born 05.07.1992, has elevated HbA1c. Explain what this means."
P006,summarization,"Patient Noah Fischer, email noah.fischer@example.com, has asthma and uses an inhaler. Summarize the clinical note."
P007,appointment,"Emma Wagner, born on 21.11.1975, has knee pain and an appointment with Dr. Keller. Prepare an appointment summary."
P008,patient_explanation,"Patient Paul Hoffmann from Hamburg has high cholesterol. Explain lifestyle recommendations."
P009,medication_summary,"Laura Schneider, medical record number MRN-883921, takes insulin for diabetes. Summarize key medication advice."
P010,referral,"Dr. Braun referred patient Felix Weber, phone +49 151 98765432, for evaluation of dizziness."
P011,lab_explanation,"Mia Becker, born on 14.02.2001, has low hemoglobin. Explain the lab finding in simple terms."
P012,summarization,"Patient Omar Ali lives in Cologne and reports migraine symptoms. Summarize the complaint."
P013,patient_explanation,"Nina Koch, insurance ID B987654321, was diagnosed with Parkinson's disease. Explain the condition."
P014,appointment,"Patient David Richter, email david.richter@example.com, has a follow-up for hypertension."
P015,referral,"Dr. Hoffmann referred patient Lina Bauer from Stuttgart for suspected pneumonia."
P016,ambiguous_entity,"Patient Karl Parkinson visited Dr. Green and was later diagnosed with Parkinson's disease. Explain the condition."
P017,gender_sensitive,"A 32-year-old pregnant female patient named Laura Stein reports abdominal pain. Summarize the case."
P018,address,"Patient Thomas Wolf lives at Leopoldstraße 25, Munich and has asthma. Summarize the note."
P019,hospital,"Patient Clara Weber was treated at Klinikum rechts der Isar for pneumonia. Prepare a discharge summary."
P020,rare_case,"A 91-year-old male patient named Otto Meyer from Garmisch has Huntington's disease. Explain the privacy risks."
P021,appointment_date,"Patient Hannah Koch has an appointment on 15.04.2026 with Dr. Vogel for migraine follow-up."
P022,email_phone,"Patient Ben Wagner, email ben.wagner@example.com, phone +49 152 11112222, reports dizziness."
P023,occupation,"Patient Peter Lang, a school teacher from Augsburg, has depression symptoms. Summarize the concern."
P024,lab_result,"Patient Sara Klein, insurance ID C112233445, has high HbA1c and takes insulin. Explain the result."
P025,medication,"Dr. Neumann prescribed Metformin to patient Julia Braun, born on 03.09.1988."
P026,emergency,"Patient Mark Fischer from Nuremberg reports severe chest pain and shortness of breath."
P027,child_patient,"Patient Leo Hoffmann, age 7, lives in Regensburg and has asthma symptoms."
P028,rare_location,"Patient Greta Schmid from a small village near Rosenheim has ALS. Explain re-identification risk."
P029,hospital_id,"Patient Emil Wagner, medical record number MRN-445566, was treated at Charité Berlin for pneumonia."
P030,mixed_case,"Dr. Becker referred patient Alina Wolf, phone +49 160 33334444, from Dresden for Parkinson's disease evaluation."
