prompt_id,task_type,original_prompt,status,session_id,detected_entities,masked_prompt,redacted_prompt,mapping,policy_decision,policy_violations,policy_warnings,quasi_identifier_risk_level,quasi_identifier_risk_factors,llm_prompt,original_response,redacted_response,placeholder_response,validator_decision,validator_issues,demasking_mode,final_response
P001,summarization,"Patient Anna Müller, born on 12.03.1980, lives in Munich and has Type 2 diabetes. Summarize her treatment plan.",success,32183036-6517-4f11-9763-32ae38c31cf4,"[{'text': 'Anna Müller', 'type': 'PATIENT_NAME', 'start': 8, 'end': 19}, {'text': '12.03.1980', 'type': 'DATE_OF_BIRTH', 'start': 29, 'end': 39}, {'text': 'Munich', 'type': 'LOCATION', 'start': 50, 'end': 56}, {'text': 'diabetes', 'type': 'MEDICAL_DISEASE', 'start': 72, 'end': 80, 'confidence': None, 'source': 'scispacy_bc5cdr'}]","Patient [PATIENT_NAME_1], age group 40s, lives in [LOCATION_1] and has Type 2 diabetes. Summarize her treatment plan.","Patient [REDACTED], born on [REDACTED], lives in [REDACTED] and has Type 2 [REDACTED]. Summarize her treatment plan.","{'[LOCATION_1]': 'Munich', 'age group 40s': '12.03.1980', '[PATIENT_NAME_1]': 'Anna Müller'}",PASS,[],[],NONE,[],"You are a careful clinical documentation assistant.
Your primary task is to fulfill the user's request by explaining medical conditions, lab results, or clinical terms in clear, accessible, and simple language.
 Do not refuse to explain a condition if it is mentioned alongside a patient case; instead, focus entirely on explaining the medical concepts requested. 
Use only the anonymized clinical information provided below.
Do not diagnose, prescribe, or create a treatment plan.
Do not invent patient names, phone numbers, addresses, medical IDs, hospitals, dates, medications, tests, or other personal identifiers.
Preserve placeholder tokens exactly if they appear.
Write a short general response

Patient [PATIENT_NAME_1], age group 40s, lives in [LOCATION_1] and has Type 2 diabetes. Summarize her treatment plan.","The patient should monitor blood glucose, follow dietary advice, take medication as prescribed, and attend regular follow-up appointments.",The patient should consult a healthcare professional for further guidance.,The text does not provide information about the patient's treatment plan.,PASS,[],generic,The text does not provide information about the patient's treatment plan.
P002,patient_explanation,"John Smith, phone +49 176 12345678, was diagnosed with hypertension. Explain the condition in simple words.",success,34365655-ca0b-4666-94eb-2f825a3ade3d,"[{'text': 'John Smith', 'type': 'PATIENT_NAME', 'start': 0, 'end': 10}, {'text': '+49 176 12345678', 'type': 'PHONE', 'start': 18, 'end': 34}, {'text': 'hypertension', 'type': 'MEDICAL_DISEASE', 'start': 55, 'end': 67, 'confidence': None, 'source': 'scispacy_bc5cdr'}]","[PATIENT_NAME_1], phone [PHONE_1], was diagnosed with hypertension. Explain the condition in simple words.","[REDACTED], phone [REDACTED], was diagnosed with [REDACTED]. Explain the condition in simple words.","{'[PHONE_1]': '+49 176 12345678', '[PATIENT_NAME_1]': 'John Smith'}",PASS,[],[],NONE,[],"You are a careful clinical documentation assistant.
Your primary task is to fulfill the user's request by explaining medical conditions, lab results, or clinical terms in clear, accessible, and simple language.
 Do not refuse to explain a condition if it is mentioned alongside a patient case; instead, focus entirely on explaining the medical concepts requested. 
Use only the anonymized clinical information provided below.
Do not diagnose, prescribe, or create a treatment plan.
Do not invent patient names, phone numbers, addresses, medical IDs, hospitals, dates, medications, tests, or other personal identifiers.
Preserve placeholder tokens exactly if they appear.
Write a short general response

[PATIENT_NAME_1], phone [PHONE_1], was diagnosed with hypertension. Explain the condition in simple words.","The patient should monitor blood pressure, reduce salt intake, follow medication instructions, and consult a clinician regularly.",The patient should consult a healthcare professional for further guidance.,"Hypertension is a medical term for high blood pressure. It occurs when the force of blood pushing against the walls of the blood vessels is too strong. This can cause damage to the blood vessels over time, leading to health problems.",PASS,[],generic,"Hypertension is a medical term for high blood pressure. It occurs when the force of blood pushing against the walls of the blood vessels is too strong. This can cause damage to the blood vessels over time, leading to health problems."
P003,medication_summary,"Patient Maria Becker, insurance ID A123456789, takes Metformin for Type 2 diabetes. Summarize the medication instructions.",success,da92a998-4e09-4c96-a41d-093141ce157a,"[{'text': 'Maria Becker', 'type': 'PATIENT_NAME', 'start': 8, 'end': 20}, {'text': 'A123456789', 'type': 'INSURANCE_ID', 'start': 35, 'end': 45}, {'text': 'Metformin', 'type': 'MEDICAL_CHEMICAL', 'start': 53, 'end': 62, 'confidence': None, 'source': 'scispacy_bc5cdr'}, {'text': 'Type 2 diabetes', 'type': 'MEDICAL_DISEASE', 'start': 67, 'end': 82, 'confidence': None, 'source': 'scispacy_bc5cdr'}]","Patient [PATIENT_NAME_1], insurance ID [INSURANCE_ID_1], takes Metformin for Type 2 diabetes. Summarize the medication instructions.","Patient [REDACTED], insurance ID [REDACTED], takes [REDACTED] for [REDACTED]. Summarize the medication instructions.","{'[INSURANCE_ID_1]': 'A123456789', '[PATIENT_NAME_1]': 'Maria Becker'}",PASS,[],[],NONE,[],"You are a careful clinical documentation assistant.
Your primary task is to fulfill the user's request by explaining medical conditions, lab results, or clinical terms in clear, accessible, and simple language.
 Do not refuse to explain a condition if it is mentioned alongside a patient case; instead, focus entirely on explaining the medical concepts requested. 
Use only the anonymized clinical information provided below.
Do not diagnose, prescribe, or create a treatment plan.
Do not invent patient names, phone numbers, addresses, medical IDs, hospitals, dates, medications, tests, or other personal identifiers.
Preserve placeholder tokens exactly if they appear.
Write a short general response

Patient [PATIENT_NAME_1], insurance ID [INSURANCE_ID_1], takes Metformin for Type 2 diabetes. Summarize the medication instructions.","The patient should monitor blood glucose, follow dietary advice, take medication as prescribed, and attend regular follow-up appointments.",The patient should consult a healthcare professional for further guidance.,Medication instructions were not provided.,PASS,[],generic,Medication instructions were not provided.
P004,referral,Dr. Schmidt referred patient Lukas Weber from Berlin for chest pain evaluation. Prepare a short referral summary.,success,6aeca590-ce18-421f-85e1-36782fa8d6cb,"[{'text': 'Dr. Schmidt', 'type': 'DOCTOR_NAME', 'start': 0, 'end': 11}, {'text': 'Lukas Weber', 'type': 'PATIENT_NAME', 'start': 29, 'end': 40}, {'text': 'Berlin', 'type': 'LOCATION', 'start': 46, 'end': 52}, {'text': 'chest pain', 'type': 'MEDICAL_DISEASE', 'start': 57, 'end': 67, 'confidence': None, 'source': 'scispacy_bc5cdr'}]",[DOCTOR_NAME_1] referred patient [PATIENT_NAME_1] from [LOCATION_1] for chest pain evaluation. Prepare a short referral summary.,[REDACTED] referred patient [REDACTED] from [REDACTED] for [REDACTED] evaluation. Prepare a short referral summary.,"{'[LOCATION_1]': 'Berlin', '[PATIENT_NAME_1]': 'Lukas Weber', '[DOCTOR_NAME_1]': 'Dr. Schmidt'}",PASS,[],[],NONE,[],"You are a careful clinical documentation assistant.
Your primary task is to fulfill the user's request by explaining medical conditions, lab results, or clinical terms in clear, accessible, and simple language.
 Do not refuse to explain a condition if it is mentioned alongside a patient case; instead, focus entirely on explaining the medical concepts requested. 
Use only the anonymized clinical information provided below.
Do not diagnose, prescribe, or create a treatment plan.
Do not invent patient names, phone numbers, addresses, medical IDs, hospitals, dates, medications, tests, or other personal identifiers.
Preserve placeholder tokens exactly if they appear.
Write a short general response

[DOCTOR_NAME_1] referred patient [PATIENT_NAME_1] from [LOCATION_1] for chest pain evaluation. Prepare a short referral summary.","The patient should be evaluated by a healthcare professional, especially if chest pain is severe, sudden, or associated with shortness of breath.",The patient should consult a healthcare professional for further guidance.,[DOCTOR_NAME_1] referred [PATIENT_NAME_1] from [LOCATION_1] for evaluation of chest pain.,PASS,[],generic,the physician referred the patient from the location for evaluation of chest pain.
P005,lab_explanation,"Sofia Klein, born 05.07.1992, has elevated HbA1c. Explain what this means.",success,ebefe646-17fe-4f43-b4e3-3713ec7bc105,"[{'text': 'Sofia Klein', 'type': 'PATIENT_NAME', 'start': 0, 'end': 11}, {'text': '05.07.1992', 'type': 'DATE_OF_BIRTH', 'start': 18, 'end': 28}]","[PATIENT_NAME_1], age group 30s, has elevated HbA1c. Explain what this means.","[REDACTED], born [REDACTED], has elevated [REDACTED]. Explain what this means.","{'age group 30s': '05.07.1992', '[PATIENT_NAME_1]': 'Sofia Klein'}",PASS,[],[],NONE,[],"You are a careful clinical documentation assistant.
Your primary task is to fulfill the user's request by explaining medical conditions, lab results, or clinical terms in clear, accessible, and simple language.
 Do not refuse to explain a condition if it is mentioned alongside a patient case; instead, focus entirely on explaining the medical concepts requested. 
Use only the anonymized clinical information provided below.
Do not diagnose, prescribe, or create a treatment plan.
Do not invent patient names, phone numbers, addresses, medical IDs, hospitals, dates, medications, tests, or other personal identifiers.
Preserve placeholder tokens exactly if they appear.
Write a short general response

[PATIENT_NAME_1], age group 30s, has elevated HbA1c. Explain what this means.",HbA1c shows average blood sugar levels over recent months. The patient should discuss whether the result is within the target range with a clinician.,The patient should consult a healthcare professional for further guidance.,"HbA1c is a measure of how well a person's blood sugar levels have been controlled over the past 2-3 months. It's a blood test that shows the average level of glucose attached to hemoglobin in red blood cells. Elevated HbA1c means that the person's blood sugar levels have been higher than normal over that time period, which can be a sign of diabetes or prediabetes.",PASS,[],generic,"HbA1c is a measure of how well a person's blood sugar levels have been controlled over the past 2-3 months. It's a blood test that shows the average level of glucose attached to hemoglobin in red blood cells. Elevated HbA1c means that the person's blood sugar levels have been higher than normal over that time period, which can be a sign of diabetes or prediabetes."
P006,summarization,"Patient Noah Fischer, email noah.fischer@example.com, has asthma and uses an inhaler. Summarize the clinical note.",success,353e2670-fd1e-460e-9576-d15762b528fd,"[{'text': 'Noah Fischer', 'type': 'PATIENT_NAME', 'start': 8, 'end': 20}, {'text': 'noah.fischer@example.com', 'type': 'EMAIL', 'start': 28, 'end': 52}, {'text': 'asthma', 'type': 'MEDICAL_DISEASE', 'start': 58, 'end': 64, 'confidence': None, 'source': 'scispacy_bc5cdr'}]","Patient [PATIENT_NAME_1], email [EMAIL_1], has asthma and uses an inhaler. Summarize the clinical note.","Patient [REDACTED], email [REDACTED], has [REDACTED] and uses an [REDACTED]. Summarize the clinical note.","{'[EMAIL_1]': 'noah.fischer@example.com', '[PATIENT_NAME_1]': 'Noah Fischer'}",PASS,[],[],NONE,[],"You are a careful clinical documentation assistant.
Your primary task is to fulfill the user's request by explaining medical conditions, lab results, or clinical terms in clear, accessible, and simple language.
 Do not refuse to explain a condition if it is mentioned alongside a patient case; instead, focus entirely on explaining the medical concepts requested. 
Use only the anonymized clinical information provided below.
Do not diagnose, prescribe, or create a treatment plan.
Do not invent patient names, phone numbers, addresses, medical IDs, hospitals, dates, medications, tests, or other personal identifiers.
Preserve placeholder tokens exactly if they appear.
Write a short general response

Patient [PATIENT_NAME_1], email [EMAIL_1], has asthma and uses an inhaler. Summarize the clinical note.","The patient should use the inhaler as prescribed, monitor breathing symptoms, and seek medical help if breathing becomes difficult.",The patient should consult a healthcare professional for further guidance.,The patient has asthma and uses an inhaler.,PASS,[],generic,The patient has asthma and uses an inhaler.
P007,appointment,"Emma Wagner, born on 21.11.1975, has knee pain and an appointment with Dr. Keller. Prepare an appointment summary.",success,1e641be6-1263-4e28-989f-b08091421ab8,"[{'text': 'Emma Wagner', 'type': 'PATIENT_NAME', 'start': 0, 'end': 11}, {'text': '21.11.1975', 'type': 'DATE_OF_BIRTH', 'start': 21, 'end': 31}, {'text': 'knee pain', 'type': 'MEDICAL_DISEASE', 'start': 37, 'end': 46, 'confidence': None, 'source': 'scispacy_bc5cdr'}, {'text': 'Dr. Keller', 'type': 'DOCTOR_NAME', 'start': 71, 'end': 81}]","[PATIENT_NAME_1], age group 50s, has knee pain and an appointment with [DOCTOR_NAME_1]. Prepare an appointment summary.","[REDACTED], born on [REDACTED], has [REDACTED] and an appointment with [REDACTED]. Prepare an appointment summary.","{'[DOCTOR_NAME_1]': 'Dr. Keller', 'age group 50s': '21.11.1975', '[PATIENT_NAME_1]': 'Emma Wagner'}",PASS,[],[],NONE,[],"You are a careful clinical documentation assistant.
Your primary task is to fulfill the user's request by explaining medical conditions, lab results, or clinical terms in clear, accessible, and simple language.
 Do not refuse to explain a condition if it is mentioned alongside a patient case; instead, focus entirely on explaining the medical concepts requested. 
Use only the anonymized clinical information provided below.
Do not diagnose, prescribe, or create a treatment plan.
Do not invent patient names, phone numbers, addresses, medical IDs, hospitals, dates, medications, tests, or other personal identifiers.
Preserve placeholder tokens exactly if they appear.
Write a short general response

[PATIENT_NAME_1], age group 50s, has knee pain and an appointment with [DOCTOR_NAME_1]. Prepare an appointment summary.","The appointment summary should mention knee pain, symptom duration, severity, mobility limitations, and any previous injury.",The patient should consult a healthcare professional for further guidance.,"The patient, age group 50s, has knee pain and is scheduled to see [DOCTOR_NAME_1].",PASS,[],generic,"The patient, the masked entity, has knee pain and is scheduled to see the physician."
P008,patient_explanation,Patient Paul Hoffmann from Hamburg has high cholesterol. Explain lifestyle recommendations.,success,b21d87b5-080c-46c7-9553-bf496e1a1250,"[{'text': 'Paul Hoffmann', 'type': 'PATIENT_NAME', 'start': 8, 'end': 21}, {'text': 'Hamburg', 'type': 'LOCATION', 'start': 27, 'end': 34}, {'text': 'cholesterol', 'type': 'MEDICAL_CHEMICAL', 'start': 44, 'end': 55, 'confidence': None, 'source': 'scispacy_bc5cdr'}]",Patient [PATIENT_NAME_1] from [LOCATION_1] has high cholesterol. Explain lifestyle recommendations.,Patient [REDACTED] from [REDACTED] has high [REDACTED]. Explain lifestyle recommendations.,"{'[LOCATION_1]': 'Hamburg', '[PATIENT_NAME_1]': 'Paul Hoffmann'}",PASS,[],[],NONE,[],"You are a careful clinical documentation assistant.
Your primary task is to fulfill the user's request by explaining medical conditions, lab results, or clinical terms in clear, accessible, and simple language.
 Do not refuse to explain a condition if it is mentioned alongside a patient case; instead, focus entirely on explaining the medical concepts requested. 
Use only the anonymized clinical information provided below.
Do not diagnose, prescribe, or create a treatment plan.
Do not invent patient names, phone numbers, addresses, medical IDs, hospitals, dates, medications, tests, or other personal identifiers.
Preserve placeholder tokens exactly if they appear.
Write a short general response

Patient [PATIENT_NAME_1] from [LOCATION_1] has high cholesterol. Explain lifestyle recommendations.","The patient may benefit from lifestyle changes such as a balanced diet, regular physical activity, and follow-up lipid monitoring.",The patient should consult a healthcare professional for further guidance.,"High cholesterol is a condition where there's too much cholesterol in the blood. Cholesterol is a type of fat that's found in the bloodstream. It's essential for various bodily functions, but high levels can increase the risk of heart disease and stroke.

To manage high cholesterol, some general lifestyle recommendations include:

- Eating a balanced diet that's low in saturated and trans fats, found in foods like butter, lard, and processed snacks.
- Increasing the intake of soluble fiber, found in foods like oats, barley, fruits, and vegetables, which can help lower cholesterol levels.
- Engaging in regular physical activity, such as walking, to help improve overall heart health.
- Maintaining a healthy weight, as excess weight can increase cholesterol levels.
- Limiting or avoiding foods high in cholesterol, such as egg yolks and organ meats.
- Reducing stress levels through techniques like meditation or deep breathing exercises.

It's essential to consult a healthcare professional for personalized advice on managing high cholesterol. They can provide tailored guidance based on individual needs and circumstances.",PASS,[],generic,"High cholesterol is a condition where there's too much cholesterol in the blood. Cholesterol is a type of fat that's found in the bloodstream. It's essential for various bodily functions, but high levels can increase the risk of heart disease and stroke.

To manage high cholesterol, some general lifestyle recommendations include:

- Eating a balanced diet that's low in saturated and trans fats, found in foods like butter, lard, and processed snacks.
- Increasing the intake of soluble fiber, found in foods like oats, barley, fruits, and vegetables, which can help lower cholesterol levels.
- Engaging in regular physical activity, such as walking, to help improve overall heart health.
- Maintaining a healthy weight, as excess weight can increase cholesterol levels.
- Limiting or avoiding foods high in cholesterol, such as egg yolks and organ meats.
- Reducing stress levels through techniques like meditation or deep breathing exercises.

It's essential to consult a healthcare professional for personalized advice on managing high cholesterol. They can provide tailored guidance based on individual needs and circumstances."
P009,medication_summary,"Laura Schneider, medical record number MRN-883921, takes insulin for diabetes. Summarize key medication advice.",success,17c36031-4f4d-424f-b0a9-6505cf7cb367,"[{'text': 'Laura Schneider', 'type': 'PATIENT_NAME', 'start': 0, 'end': 15}, {'text': 'MRN-883921', 'type': 'MEDICAL_RECORD_ID', 'start': 39, 'end': 49}, {'text': 'diabetes', 'type': 'MEDICAL_DISEASE', 'start': 69, 'end': 77, 'confidence': None, 'source': 'scispacy_bc5cdr'}]","[PATIENT_NAME_1], medical record number [MEDICAL_RECORD_ID_1], takes insulin for diabetes. Summarize key medication advice.","[REDACTED], medical record number [REDACTED], takes [REDACTED] for [REDACTED]. Summarize key medication advice.","{'[MEDICAL_RECORD_ID_1]': 'MRN-883921', '[PATIENT_NAME_1]': 'Laura Schneider'}",PASS,[],[],NONE,[],"You are a careful clinical documentation assistant.
Your primary task is to fulfill the user's request by explaining medical conditions, lab results, or clinical terms in clear, accessible, and simple language.
 Do not refuse to explain a condition if it is mentioned alongside a patient case; instead, focus entirely on explaining the medical concepts requested. 
Use only the anonymized clinical information provided below.
Do not diagnose, prescribe, or create a treatment plan.
Do not invent patient names, phone numbers, addresses, medical IDs, hospitals, dates, medications, tests, or other personal identifiers.
Preserve placeholder tokens exactly if they appear.
Write a short general response

[PATIENT_NAME_1], medical record number [MEDICAL_RECORD_ID_1], takes insulin for diabetes. Summarize key medication advice.","The patient should monitor blood glucose, follow dietary advice, take medication as prescribed, and attend regular follow-up appointments.",The patient should consult a healthcare professional for further guidance.,The patient takes insulin for diabetes.,PASS,[],generic,The patient takes insulin for diabetes.
P010,referral,"Dr. Braun referred patient Felix Weber, phone +49 151 98765432, for evaluation of dizziness.",success,22f386e7-7737-48a6-8cad-01fa82ace69b,"[{'text': 'Dr. Braun', 'type': 'DOCTOR_NAME', 'start': 0, 'end': 9}, {'text': 'Felix Weber', 'type': 'PATIENT_NAME', 'start': 27, 'end': 38}, {'text': '+49 151 98765432', 'type': 'PHONE', 'start': 46, 'end': 62}, {'text': 'dizziness', 'type': 'MEDICAL_DISEASE', 'start': 82, 'end': 91, 'confidence': None, 'source': 'scispacy_bc5cdr'}]","[DOCTOR_NAME_1] referred patient [PATIENT_NAME_1], phone [PHONE_1], for evaluation of dizziness.","[REDACTED] referred patient [REDACTED], phone [REDACTED], for evaluation of [REDACTED].","{'[PHONE_1]': '+49 151 98765432', '[PATIENT_NAME_1]': 'Felix Weber', '[DOCTOR_NAME_1]': 'Dr. Braun'}",PASS,[],[],NONE,[],"You are a careful clinical documentation assistant.
Your primary task is to fulfill the user's request by explaining medical conditions, lab results, or clinical terms in clear, accessible, and simple language.
 Do not refuse to explain a condition if it is mentioned alongside a patient case; instead, focus entirely on explaining the medical concepts requested. 
Use only the anonymized clinical information provided below.
Do not diagnose, prescribe, or create a treatment plan.
Do not invent patient names, phone numbers, addresses, medical IDs, hospitals, dates, medications, tests, or other personal identifiers.
Preserve placeholder tokens exactly if they appear.
Write a short general response

[DOCTOR_NAME_1] referred patient [PATIENT_NAME_1], phone [PHONE_1], for evaluation of dizziness.","The referral summary should include dizziness onset, triggers, associated symptoms, medications, and whether fainting or neurological symptoms occurred.",The patient should consult a healthcare professional for further guidance.,"Dizziness is a feeling of lightheadedness or unsteadiness. It can be a sensation of spinning or a feeling like you might pass out. There are many possible causes of dizziness, including inner ear problems, low blood pressure, medication side effects, and inner ear infections.",PASS,[],generic,"Dizziness is a feeling of lightheadedness or unsteadiness. It can be a sensation of spinning or a feeling like you might pass out. There are many possible causes of dizziness, including inner ear problems, low blood pressure, medication side effects, and inner ear infections."
P011,lab_explanation,"Mia Becker, born on 14.02.2001, has low hemoglobin. Explain the lab finding in simple terms.",success,942a2880-beaf-4421-b33a-59b335818031,"[{'text': 'Mia Becker', 'type': 'PATIENT_NAME', 'start': 0, 'end': 10}, {'text': '14.02.2001', 'type': 'DATE_OF_BIRTH', 'start': 20, 'end': 30}]","[PATIENT_NAME_1], age group 20s, has low hemoglobin. Explain the lab finding in simple terms.","[REDACTED], born on [REDACTED], has [REDACTED]. Explain the lab finding in simple terms.","{'age group 20s': '14.02.2001', '[PATIENT_NAME_1]': 'Mia Becker'}",PASS,[],[],NONE,[],"You are a careful clinical documentation assistant.
Your primary task is to fulfill the user's request by explaining medical conditions, lab results, or clinical terms in clear, accessible, and simple language.
 Do not refuse to explain a condition if it is mentioned alongside a patient case; instead, focus entirely on explaining the medical concepts requested. 
Use only the anonymized clinical information provided below.
Do not diagnose, prescribe, or create a treatment plan.
Do not invent patient names, phone numbers, addresses, medical IDs, hospitals, dates, medications, tests, or other personal identifiers.
Preserve placeholder tokens exactly if they appear.
Write a short general response

[PATIENT_NAME_1], age group 20s, has low hemoglobin. Explain the lab finding in simple terms.",Low hemoglobin may indicate anemia. The patient should discuss possible causes such as iron deficiency or blood loss with a clinician.,The patient should consult a healthcare professional for further guidance.,"Hemoglobin is a protein in red blood cells that carries oxygen throughout the body. When someone has low hemoglobin, it means their red blood cells are not carrying enough oxygen to their body's tissues. This can cause symptoms like fatigue, weakness, and shortness of breath.",PASS,[],generic,"Hemoglobin is a protein in red blood cells that carries oxygen throughout the body. When someone has low hemoglobin, it means their red blood cells are not carrying enough oxygen to their body's tissues. This can cause symptoms like fatigue, weakness, and shortness of breath."
P012,summarization,Patient Omar Ali lives in Cologne and reports migraine symptoms. Summarize the complaint.,success,c199af94-8b2f-4665-96a9-001ea738b5bc,"[{'text': 'Omar Ali', 'type': 'PATIENT_NAME', 'start': 8, 'end': 16}, {'text': 'Cologne', 'type': 'LOCATION', 'start': 26, 'end': 33}, {'text': 'migraine', 'type': 'MEDICAL_DISEASE', 'start': 46, 'end': 54, 'confidence': None, 'source': 'scispacy_bc5cdr'}]",Patient [PATIENT_NAME_1] lives in [LOCATION_1] and reports migraine symptoms. Summarize the complaint.,Patient [REDACTED] lives in [REDACTED] and reports [REDACTED] symptoms. Summarize the complaint.,"{'[LOCATION_1]': 'Cologne', '[PATIENT_NAME_1]': 'Omar Ali'}",PASS,[],[],NONE,[],"You are a careful clinical documentation assistant.
Your primary task is to fulfill the user's request by explaining medical conditions, lab results, or clinical terms in clear, accessible, and simple language.
 Do not refuse to explain a condition if it is mentioned alongside a patient case; instead, focus entirely on explaining the medical concepts requested. 
Use only the anonymized clinical information provided below.
Do not diagnose, prescribe, or create a treatment plan.
Do not invent patient names, phone numbers, addresses, medical IDs, hospitals, dates, medications, tests, or other personal identifiers.
Preserve placeholder tokens exactly if they appear.
Write a short general response

Patient [PATIENT_NAME_1] lives in [LOCATION_1] and reports migraine symptoms. Summarize the complaint.","The patient should track migraine triggers, use prescribed treatment correctly, and seek care if headaches become sudden, severe, or unusual.",The patient should consult a healthcare professional for further guidance.,The patient reports experiencing migraine symptoms.,PASS,[],generic,The patient reports experiencing migraine symptoms.
P013,patient_explanation,"Nina Koch, insurance ID B987654321, was diagnosed with Parkinson's disease. Explain the condition.",success,ef7d8951-ec2a-4fe0-8592-5d7248135be7,"[{'text': 'Nina Koch', 'type': 'PATIENT_NAME', 'start': 0, 'end': 9}, {'text': 'B987654321', 'type': 'INSURANCE_ID', 'start': 24, 'end': 34}, {'text': ""Parkinson's disease"", 'type': 'MEDICAL_DISEASE', 'start': 55, 'end': 74, 'confidence': None, 'source': 'scispacy_bc5cdr'}]","[PATIENT_NAME_1], insurance ID [INSURANCE_ID_1], was diagnosed with Parkinson's disease. Explain the condition.","[REDACTED], insurance ID [REDACTED], was diagnosed with [REDACTED]. Explain the condition.","{'[INSURANCE_ID_1]': 'B987654321', '[PATIENT_NAME_1]': 'Nina Koch'}",PASS,[],[],NONE,[],"You are a careful clinical documentation assistant.
Your primary task is to fulfill the user's request by explaining medical conditions, lab results, or clinical terms in clear, accessible, and simple language.
 Do not refuse to explain a condition if it is mentioned alongside a patient case; instead, focus entirely on explaining the medical concepts requested. 
Use only the anonymized clinical information provided below.
Do not diagnose, prescribe, or create a treatment plan.
Do not invent patient names, phone numbers, addresses, medical IDs, hospitals, dates, medications, tests, or other personal identifiers.
Preserve placeholder tokens exactly if they appear.
Write a short general response

[PATIENT_NAME_1], insurance ID [INSURANCE_ID_1], was diagnosed with Parkinson's disease. Explain the condition.","Parkinson's disease affects movement and may cause tremor, stiffness, and slower movements. The patient should follow up with a clinician.",The patient should consult a healthcare professional for further guidance.,"Parkinson's disease is a progressive neurological disorder that affects movement. It is caused by a loss of nerve cells in the brain that produce dopamine, a chemical that helps control movement and coordination. As a result, people with Parkinson's disease may experience symptoms such as tremors, stiffness, and difficulty with balance and walking. They may also have trouble with speech, swallowing, and facial expressions. The symptoms can vary from person to person and can worsen over time.",PASS,[],generic,"Parkinson's disease is a progressive neurological disorder that affects movement. It is caused by a loss of nerve cells in the brain that produce dopamine, a chemical that helps control movement and coordination. As a result, people with Parkinson's disease may experience symptoms such as tremors, stiffness, and difficulty with balance and walking. They may also have trouble with speech, swallowing, and facial expressions. The symptoms can vary from person to person and can worsen over time."
P014,appointment,"Patient David Richter, email david.richter@example.com, has a follow-up for hypertension.",success,8bb1a212-4034-4a81-a7d7-43f09d0252c3,"[{'text': 'David Richter', 'type': 'PATIENT_NAME', 'start': 8, 'end': 21}, {'text': 'david.richter@example.com', 'type': 'EMAIL', 'start': 29, 'end': 54}, {'text': 'hypertension', 'type': 'MEDICAL_DISEASE', 'start': 76, 'end': 88, 'confidence': None, 'source': 'scispacy_bc5cdr'}]","Patient [PATIENT_NAME_1], email [EMAIL_1], has a follow-up for hypertension.","Patient [REDACTED], email [REDACTED], has a follow-up for [REDACTED].","{'[EMAIL_1]': 'david.richter@example.com', '[PATIENT_NAME_1]': 'David Richter'}",PASS,[],[],NONE,[],"You are a careful clinical documentation assistant.
Your primary task is to fulfill the user's request by explaining medical conditions, lab results, or clinical terms in clear, accessible, and simple language.
 Do not refuse to explain a condition if it is mentioned alongside a patient case; instead, focus entirely on explaining the medical concepts requested. 
Use only the anonymized clinical information provided below.
Do not diagnose, prescribe, or create a treatment plan.
Do not invent patient names, phone numbers, addresses, medical IDs, hospitals, dates, medications, tests, or other personal identifiers.
Preserve placeholder tokens exactly if they appear.
Write a short general response

Patient [PATIENT_NAME_1], email [EMAIL_1], has a follow-up for hypertension.","The patient should monitor blood pressure, reduce salt intake, follow medication instructions, and consult a clinician regularly.",The patient should consult a healthcare professional for further guidance.,"Hypertension is a medical condition where the blood pressure in the arteries is consistently too high. This can put extra strain on the heart and blood vessels, increasing the risk of heart disease, stroke, and kidney damage.",PASS,[],generic,"Hypertension is a medical condition where the blood pressure in the arteries is consistently too high. This can put extra strain on the heart and blood vessels, increasing the risk of heart disease, stroke, and kidney damage."
P015,referral,Dr. Hoffmann referred patient Lina Bauer from Stuttgart for suspected pneumonia.,success,bce43984-bf1c-42e5-b361-20545bf1d2fe,"[{'text': 'Dr. Hoffmann', 'type': 'DOCTOR_NAME', 'start': 0, 'end': 12}, {'text': 'Lina Bauer', 'type': 'PATIENT_NAME', 'start': 30, 'end': 40}, {'text': 'Stuttgart', 'type': 'LOCATION', 'start': 46, 'end': 55}, {'text': 'pneumonia', 'type': 'MEDICAL_DISEASE', 'start': 70, 'end': 79, 'confidence': None, 'source': 'scispacy_bc5cdr'}]",[DOCTOR_NAME_1] referred patient [PATIENT_NAME_1] from [LOCATION_1] for suspected pneumonia.,[REDACTED] referred patient [REDACTED] from [REDACTED] for suspected [REDACTED].,"{'[LOCATION_1]': 'Stuttgart', '[PATIENT_NAME_1]': 'Lina Bauer', '[DOCTOR_NAME_1]': 'Dr. Hoffmann'}",PASS,[],[],NONE,[],"You are a careful clinical documentation assistant.
Your primary task is to fulfill the user's request by explaining medical conditions, lab results, or clinical terms in clear, accessible, and simple language.
 Do not refuse to explain a condition if it is mentioned alongside a patient case; instead, focus entirely on explaining the medical concepts requested. 
Use only the anonymized clinical information provided below.
Do not diagnose, prescribe, or create a treatment plan.
Do not invent patient names, phone numbers, addresses, medical IDs, hospitals, dates, medications, tests, or other personal identifiers.
Preserve placeholder tokens exactly if they appear.
Write a short general response

[DOCTOR_NAME_1] referred patient [PATIENT_NAME_1] from [LOCATION_1] for suspected pneumonia.","Suspected pneumonia requires clinical assessment, especially if fever, cough, shortness of breath, or worsening symptoms are present.",The patient should consult a healthcare professional for further guidance.,"Pneumonia is an infection in one or both lungs. It's usually caused by a virus or bacteria. When someone has pneumonia, the air sacs in their lungs become inflamed and filled with fluid, making it harder for them to breathe.",PASS,[],generic,"Pneumonia is an infection in one or both lungs. It's usually caused by a virus or bacteria. When someone has pneumonia, the air sacs in their lungs become inflamed and filled with fluid, making it harder for them to breathe."
P016,ambiguous_entity,Patient Karl Parkinson visited Dr. Green and was later diagnosed with Parkinson's disease. Explain the condition.,success,e1cd0543-7133-469f-b42b-afea161f60e0,"[{'text': 'Karl Parkinson', 'type': 'PATIENT_NAME', 'start': 8, 'end': 22}, {'text': 'Dr. Green', 'type': 'DOCTOR_NAME', 'start': 31, 'end': 40}, {'text': ""Parkinson's disease"", 'type': 'MEDICAL_DISEASE', 'start': 70, 'end': 89, 'confidence': None, 'source': 'scispacy_bc5cdr'}]",Patient [PATIENT_NAME_1] visited [DOCTOR_NAME_1] and was later diagnosed with Parkinson's disease. Explain the condition.,Patient [REDACTED] visited [REDACTED] and was later diagnosed with [REDACTED]. Explain the condition.,"{'[DOCTOR_NAME_1]': 'Dr. Green', '[PATIENT_NAME_1]': 'Karl Parkinson'}",PASS,[],[],NONE,[],"You are a careful clinical documentation assistant.
Your primary task is to fulfill the user's request by explaining medical conditions, lab results, or clinical terms in clear, accessible, and simple language.
 Do not refuse to explain a condition if it is mentioned alongside a patient case; instead, focus entirely on explaining the medical concepts requested. 
Use only the anonymized clinical information provided below.
Do not diagnose, prescribe, or create a treatment plan.
Do not invent patient names, phone numbers, addresses, medical IDs, hospitals, dates, medications, tests, or other personal identifiers.
Preserve placeholder tokens exactly if they appear.
Write a short general response

Patient [PATIENT_NAME_1] visited [DOCTOR_NAME_1] and was later diagnosed with Parkinson's disease. Explain the condition.","Parkinson's disease affects movement and may cause tremor, stiffness, and slower movements. The patient should follow up with a clinician.",The patient should consult a healthcare professional for further guidance.,"Parkinson's disease is a neurological disorder that affects movement. It is caused by a loss of nerve cells in a part of the brain that controls movement. This loss of cells leads to a decrease in a chemical called dopamine, which helps control movement. As a result, people with Parkinson's disease may experience symptoms such as tremors, stiffness, and difficulty with balance and coordination. They may also have trouble with movement, such as slow movements or difficulty starting movements. Over time, Parkinson's disease can also affect other parts of the body, such as the digestive system and the autonomic nervous system, which controls functions like heart rate and blood pressure.",PASS,[],generic,"Parkinson's disease is a neurological disorder that affects movement. It is caused by a loss of nerve cells in a part of the brain that controls movement. This loss of cells leads to a decrease in a chemical called dopamine, which helps control movement. As a result, people with Parkinson's disease may experience symptoms such as tremors, stiffness, and difficulty with balance and coordination. They may also have trouble with movement, such as slow movements or difficulty starting movements. Over time, Parkinson's disease can also affect other parts of the body, such as the digestive system and the autonomic nervous system, which controls functions like heart rate and blood pressure."
P017,gender_sensitive,A 32-year-old pregnant female patient named Laura Stein reports abdominal pain. Summarize the case.,success,b109270f-6508-486c-ab3b-bb634854572e,"[{'text': '32-year-old', 'type': 'DATE_SPACY', 'start': 2, 'end': 13, 'source': 'spacy'}, {'text': 'Laura Stein', 'type': 'PATIENT_NAME', 'start': 44, 'end': 55}, {'text': 'abdominal pain', 'type': 'MEDICAL_DISEASE', 'start': 64, 'end': 78, 'confidence': None, 'source': 'scispacy_bc5cdr'}]",A [DATE_SPACY_1] pregnant female patient named [PATIENT_NAME_1] reports abdominal pain. Summarize the case.,A [REDACTED] pregnant female patient named [REDACTED] reports [REDACTED]. Summarize the case.,"{'[PATIENT_NAME_1]': 'Laura Stein', '[DATE_SPACY_1]': '32-year-old'}",WARN,[],['Quasi-identifier risk level MEDIUM: Gender mentioned: female; Pregnancy mentioned'],MEDIUM,"['Gender mentioned: female', 'Pregnancy mentioned']","You are a careful clinical documentation assistant.
Your primary task is to fulfill the user's request by explaining medical conditions, lab results, or clinical terms in clear, accessible, and simple language.
 Do not refuse to explain a condition if it is mentioned alongside a patient case; instead, focus entirely on explaining the medical concepts requested. 
Use only the anonymized clinical information provided below.
Do not diagnose, prescribe, or create a treatment plan.
Do not invent patient names, phone numbers, addresses, medical IDs, hospitals, dates, medications, tests, or other personal identifiers.
Preserve placeholder tokens exactly if they appear.
Write a short general response

A [DATE_SPACY_1] pregnant female patient named [PATIENT_NAME_1] reports abdominal pain. Summarize the case.",The patient should consult a healthcare professional for further guidance.,The patient should consult a healthcare professional for further guidance.,A pregnant female patient reports abdominal pain.,PASS,[],generic,A pregnant female patient reports abdominal pain.
P018,address,"Patient Thomas Wolf lives at Leopoldstraße 25, Munich and has asthma. Summarize the note.",success,9b9c3065-3778-4bc6-9c91-aa0649fa9c78,"[{'text': 'Thomas Wolf', 'type': 'PATIENT_NAME', 'start': 8, 'end': 19}, {'text': 'Leopoldstraße 25', 'type': 'ADDRESS', 'start': 29, 'end': 45}, {'text': 'Munich', 'type': 'LOCATION', 'start': 47, 'end': 53}]","Patient [PATIENT_NAME_1] lives at [ADDRESS_1], [LOCATION_1] and has asthma. Summarize the note.","Patient [REDACTED] lives at [REDACTED], [REDACTED] and has [REDACTED]. Summarize the note.","{'[LOCATION_1]': 'Munich', '[ADDRESS_1]': 'Leopoldstraße 25', '[PATIENT_NAME_1]': 'Thomas Wolf'}",PASS,[],[],NONE,[],"You are a careful clinical documentation assistant.
Your primary task is to fulfill the user's request by explaining medical conditions, lab results, or clinical terms in clear, accessible, and simple language.
 Do not refuse to explain a condition if it is mentioned alongside a patient case; instead, focus entirely on explaining the medical concepts requested. 
Use only the anonymized clinical information provided below.
Do not diagnose, prescribe, or create a treatment plan.
Do not invent patient names, phone numbers, addresses, medical IDs, hospitals, dates, medications, tests, or other personal identifiers.
Preserve placeholder tokens exactly if they appear.
Write a short general response

Patient [PATIENT_NAME_1] lives at [ADDRESS_1], [LOCATION_1] and has asthma. Summarize the note.","The patient should use the inhaler as prescribed, monitor breathing symptoms, and seek medical help if breathing becomes difficult.",The patient should consult a healthcare professional for further guidance.,"The patient lives at [ADDRESS_1], [LOCATION_1] and has asthma.",PASS,[],generic,"The patient lives at the address, the location and has asthma."
P019,hospital,Patient Clara Weber was treated at Klinikum rechts der Isar for pneumonia. Prepare a discharge summary.,success,933e0b41-872d-4b37-a08b-9e07c12c4170,"[{'text': 'Clara Weber', 'type': 'PATIENT_NAME', 'start': 8, 'end': 19}, {'text': 'Klinikum rechts der Isar', 'type': 'HOSPITAL', 'start': 35, 'end': 59}, {'text': 'pneumonia', 'type': 'MEDICAL_DISEASE', 'start': 64, 'end': 73, 'confidence': None, 'source': 'scispacy_bc5cdr'}]",Patient [PATIENT_NAME_1] was treated at [HOSPITAL_1] for pneumonia. Prepare a discharge summary.,Patient [REDACTED] was treated at [REDACTED] for [REDACTED]. Prepare a discharge summary.,"{'[HOSPITAL_1]': 'Klinikum rechts der Isar', '[PATIENT_NAME_1]': 'Clara Weber'}",PASS,[],[],NONE,[],"You are a careful clinical documentation assistant.
Your primary task is to fulfill the user's request by explaining medical conditions, lab results, or clinical terms in clear, accessible, and simple language.
 Do not refuse to explain a condition if it is mentioned alongside a patient case; instead, focus entirely on explaining the medical concepts requested. 
Use only the anonymized clinical information provided below.
Do not diagnose, prescribe, or create a treatment plan.
Do not invent patient names, phone numbers, addresses, medical IDs, hospitals, dates, medications, tests, or other personal identifiers.
Preserve placeholder tokens exactly if they appear.
Write a short general response

Patient [PATIENT_NAME_1] was treated at [HOSPITAL_1] for pneumonia. Prepare a discharge summary.","Suspected pneumonia requires clinical assessment, especially if fever, cough, shortness of breath, or worsening symptoms are present.",The patient should consult a healthcare professional for further guidance.,Patient [PATIENT_NAME_1] was treated for pneumonia at [HOSPITAL_1].,PASS,[],generic,The patient was treated for pneumonia at the hospital.
P020,rare_case,A 91-year-old male patient named Otto Meyer from Garmisch has Huntington's disease. Explain the privacy risks.,success,956be49e-0e23-458d-be51-337e0316abce,"[{'text': '91-year-old', 'type': 'DATE_SPACY', 'start': 2, 'end': 13, 'source': 'spacy'}, {'text': 'Otto Meyer', 'type': 'PATIENT_NAME', 'start': 33, 'end': 43}, {'text': 'Garmisch', 'type': 'LOCATION', 'start': 49, 'end': 57}, {'text': ""Huntington's disease"", 'type': 'MEDICAL_DISEASE', 'start': 62, 'end': 82, 'confidence': None, 'source': 'scispacy_bc5cdr'}]",A [DATE_SPACY_1] male patient named [PATIENT_NAME_1] from [LOCATION_1] has Huntington's disease. Explain the privacy risks.,A [REDACTED] male patient named [REDACTED] from [REDACTED] has [REDACTED]. Explain the privacy risks.,"{'[LOCATION_1]': 'Garmisch', '[PATIENT_NAME_1]': 'Otto Meyer', '[DATE_SPACY_1]': '91-year-old'}",WARN,[],"[""Quasi-identifier risk level MEDIUM: Gender mentioned: male; Rare disease mentioned: huntington's disease""]",MEDIUM,"['Gender mentioned: male', ""Rare disease mentioned: huntington's disease""]","You are a careful clinical documentation assistant.
Your primary task is to fulfill the user's request by explaining medical conditions, lab results, or clinical terms in clear, accessible, and simple language.
 Do not refuse to explain a condition if it is mentioned alongside a patient case; instead, focus entirely on explaining the medical concepts requested. 
Use only the anonymized clinical information provided below.
Do not diagnose, prescribe, or create a treatment plan.
Do not invent patient names, phone numbers, addresses, medical IDs, hospitals, dates, medications, tests, or other personal identifiers.
Preserve placeholder tokens exactly if they appear.
Write a short general response

A [DATE_SPACY_1] male patient named [PATIENT_NAME_1] from [LOCATION_1] has Huntington's disease. Explain the privacy risks.",The patient should consult a healthcare professional for further guidance.,The patient should consult a healthcare professional for further guidance.,"Huntington's disease is a genetic disorder that affects the brain. It's caused by a mutation in a specific gene that's passed down from parents to their children. This means that if a person has a family history of Huntington's, they may be at higher risk of developing the condition.

In terms of privacy risks, individuals with Huntington's disease may face challenges related to genetic information disclosure. This can include concerns about:

- Genetic testing and the potential for employers or insurance companies to access this information
- Family members learning about their own risk of developing the condition
- Stigma or discrimination related to having a genetic disorder
- The potential for genetic information to be shared without consent, either intentionally or unintentionally

It's essential for individuals with Huntington's disease to understand their rights and options regarding genetic information disclosure and to take steps to protect their privacy.",PASS,[],generic,"Huntington's disease is a genetic disorder that affects the brain. It's caused by a mutation in a specific gene that's passed down from parents to their children. This means that if a person has a family history of Huntington's, they may be at higher risk of developing the condition.

In terms of privacy risks, individuals with Huntington's disease may face challenges related to genetic information disclosure. This can include concerns about:

- Genetic testing and the potential for employers or insurance companies to access this information
- Family members learning about their own risk of developing the condition
- Stigma or discrimination related to having a genetic disorder
- The potential for genetic information to be shared without consent, either intentionally or unintentionally

It's essential for individuals with Huntington's disease to understand their rights and options regarding genetic information disclosure and to take steps to protect their privacy."
P021,appointment_date,Patient Hannah Koch has an appointment on 15.04.2026 with Dr. Vogel for migraine follow-up.,success,e5f30478-3ccb-428b-adde-b7e78345295b,"[{'text': 'Hannah Koch', 'type': 'PATIENT_NAME', 'start': 8, 'end': 19}, {'text': '15.04.2026', 'type': 'APPOINTMENT_DATE', 'start': 42, 'end': 52}, {'text': 'Dr. Vogel', 'type': 'DOCTOR_NAME', 'start': 58, 'end': 67}, {'text': 'migraine', 'type': 'MEDICAL_DISEASE', 'start': 72, 'end': 80, 'confidence': None, 'source': 'scispacy_bc5cdr'}]",Patient [PATIENT_NAME_1] has an appointment on [APPOINTMENT_DATE_1] with [DOCTOR_NAME_1] for migraine follow-up.,Patient [REDACTED] has an appointment on [REDACTED] with [REDACTED] for [REDACTED] follow-up.,"{'[DOCTOR_NAME_1]': 'Dr. Vogel', '[APPOINTMENT_DATE_1]': '15.04.2026', '[PATIENT_NAME_1]': 'Hannah Koch'}",PASS,[],[],NONE,[],"You are a careful clinical documentation assistant.
Your primary task is to fulfill the user's request by explaining medical conditions, lab results, or clinical terms in clear, accessible, and simple language.
 Do not refuse to explain a condition if it is mentioned alongside a patient case; instead, focus entirely on explaining the medical concepts requested. 
Use only the anonymized clinical information provided below.
Do not diagnose, prescribe, or create a treatment plan.
Do not invent patient names, phone numbers, addresses, medical IDs, hospitals, dates, medications, tests, or other personal identifiers.
Preserve placeholder tokens exactly if they appear.
Write a short general response

Patient [PATIENT_NAME_1] has an appointment on [APPOINTMENT_DATE_1] with [DOCTOR_NAME_1] for migraine follow-up.","The patient should track migraine triggers, use prescribed treatment correctly, and seek care if headaches become sudden, severe, or unusual.",The patient should consult a healthcare professional for further guidance.,"A migraine is a type of headache disorder that causes recurring episodes of severe headaches, often accompanied by sensitivity to light and sound, nausea, and vomiting. These episodes can last from a few hours to several days.",PASS,[],generic,"A migraine is a type of headache disorder that causes recurring episodes of severe headaches, often accompanied by sensitivity to light and sound, nausea, and vomiting. These episodes can last from a few hours to several days."
P022,email_phone,"Patient Ben Wagner, email ben.wagner@example.com, phone +49 152 11112222, reports dizziness.",success,458e9af0-37a7-4380-9df6-b8cf502ff4db,"[{'text': 'Ben Wagner', 'type': 'PATIENT_NAME', 'start': 8, 'end': 18}, {'text': 'ben.wagner@example.com', 'type': 'EMAIL', 'start': 26, 'end': 48}, {'text': '+49 152 11112222', 'type': 'PHONE', 'start': 56, 'end': 72}, {'text': 'dizziness', 'type': 'MEDICAL_DISEASE', 'start': 82, 'end': 91, 'confidence': None, 'source': 'scispacy_bc5cdr'}]","Patient [PATIENT_NAME_1], email [EMAIL_1], phone [PHONE_1], reports dizziness.","Patient [REDACTED], email [REDACTED], phone [REDACTED], reports [REDACTED].","{'[PHONE_1]': '+49 152 11112222', '[EMAIL_1]': 'ben.wagner@example.com', '[PATIENT_NAME_1]': 'Ben Wagner'}",PASS,[],[],NONE,[],"You are a careful clinical documentation assistant.
Your primary task is to fulfill the user's request by explaining medical conditions, lab results, or clinical terms in clear, accessible, and simple language.
 Do not refuse to explain a condition if it is mentioned alongside a patient case; instead, focus entirely on explaining the medical concepts requested. 
Use only the anonymized clinical information provided below.
Do not diagnose, prescribe, or create a treatment plan.
Do not invent patient names, phone numbers, addresses, medical IDs, hospitals, dates, medications, tests, or other personal identifiers.
Preserve placeholder tokens exactly if they appear.
Write a short general response

Patient [PATIENT_NAME_1], email [EMAIL_1], phone [PHONE_1], reports dizziness.","The referral summary should include dizziness onset, triggers, associated symptoms, medications, and whether fainting or neurological symptoms occurred.",The patient should consult a healthcare professional for further guidance.,"Dizziness is a feeling of lightheadedness or unsteadiness that can make it difficult to balance. It can be a symptom of many different conditions, and it's often described as a spinning or floating sensation. In some cases, dizziness can be a sign of a more serious underlying issue, such as a problem with the inner ear, a heart condition, or a neurological disorder. However, it can also be caused by something as simple as standing up too quickly or not eating enough.",PASS,[],generic,"Dizziness is a feeling of lightheadedness or unsteadiness that can make it difficult to balance. It can be a symptom of many different conditions, and it's often described as a spinning or floating sensation. In some cases, dizziness can be a sign of a more serious underlying issue, such as a problem with the inner ear, a heart condition, or a neurological disorder. However, it can also be caused by something as simple as standing up too quickly or not eating enough."
P023,occupation,"Patient Peter Lang, a school teacher from Augsburg, has depression symptoms. Summarize the concern.",success,5e0f0be6-d080-44a5-91e4-05473a025851,"[{'text': 'Peter Lang', 'type': 'PATIENT_NAME', 'start': 8, 'end': 18}, {'text': 'Augsburg', 'type': 'LOCATION', 'start': 42, 'end': 50}, {'text': 'depression', 'type': 'MEDICAL_DISEASE', 'start': 56, 'end': 66, 'confidence': None, 'source': 'scispacy_bc5cdr'}]","Patient [PATIENT_NAME_1], a school teacher from [LOCATION_1], has depression symptoms. Summarize the concern.","Patient [REDACTED], a school teacher from [REDACTED], has [REDACTED] symptoms. Summarize the concern.","{'[LOCATION_1]': 'Augsburg', '[PATIENT_NAME_1]': 'Peter Lang'}",WARN,[],['Quasi-identifier risk level MEDIUM: Occupation mentioned: teacher'],MEDIUM,['Occupation mentioned: teacher'],"You are a careful clinical documentation assistant.
Your primary task is to fulfill the user's request by explaining medical conditions, lab results, or clinical terms in clear, accessible, and simple language.
 Do not refuse to explain a condition if it is mentioned alongside a patient case; instead, focus entirely on explaining the medical concepts requested. 
Use only the anonymized clinical information provided below.
Do not diagnose, prescribe, or create a treatment plan.
Do not invent patient names, phone numbers, addresses, medical IDs, hospitals, dates, medications, tests, or other personal identifiers.
Preserve placeholder tokens exactly if they appear.
Write a short general response

Patient [PATIENT_NAME_1], a school teacher from [LOCATION_1], has depression symptoms. Summarize the concern.",The patient should consult a healthcare professional for further guidance.,The patient should consult a healthcare professional for further guidance.,The patient has symptoms of depression.,PASS,[],generic,The patient has symptoms of depression.
P024,lab_result,"Patient Sara Klein, insurance ID C112233445, has high HbA1c and takes insulin. Explain the result.",success,bd92c4bc-b9a0-416e-b0cc-4b3be622ab13,"[{'text': 'Sara Klein', 'type': 'PATIENT_NAME', 'start': 8, 'end': 18}, {'text': 'C112233445', 'type': 'INSURANCE_ID', 'start': 33, 'end': 43}]","Patient [PATIENT_NAME_1], insurance ID [INSURANCE_ID_1], has high HbA1c and takes insulin. Explain the result.","Patient [REDACTED], insurance ID [REDACTED], has high [REDACTED] and takes [REDACTED]. Explain the result.","{'[INSURANCE_ID_1]': 'C112233445', '[PATIENT_NAME_1]': 'Sara Klein'}",PASS,[],[],NONE,[],"You are a careful clinical documentation assistant.
Your primary task is to fulfill the user's request by explaining medical conditions, lab results, or clinical terms in clear, accessible, and simple language.
 Do not refuse to explain a condition if it is mentioned alongside a patient case; instead, focus entirely on explaining the medical concepts requested. 
Use only the anonymized clinical information provided below.
Do not diagnose, prescribe, or create a treatment plan.
Do not invent patient names, phone numbers, addresses, medical IDs, hospitals, dates, medications, tests, or other personal identifiers.
Preserve placeholder tokens exactly if they appear.
Write a short general response

Patient [PATIENT_NAME_1], insurance ID [INSURANCE_ID_1], has high HbA1c and takes insulin. Explain the result.","The patient should monitor blood glucose, follow dietary advice, take medication as prescribed, and attend regular follow-up appointments.",The patient should consult a healthcare professional for further guidance.,"HbA1c is a blood test that measures the average level of glucose (sugar) in your blood over the past 2-3 months. A high HbA1c result means that your blood sugar levels have been higher than normal over that time period. This can be a sign that your body is not using insulin effectively, which is a key indicator of diabetes.",PASS,[],generic,"HbA1c is a blood test that measures the average level of glucose (sugar) in your blood over the past 2-3 months. A high HbA1c result means that your blood sugar levels have been higher than normal over that time period. This can be a sign that your body is not using insulin effectively, which is a key indicator of diabetes."
P025,medication,"Dr. Neumann prescribed Metformin to patient Julia Braun, born on 03.09.1988.",success,1a8d4f9e-c716-411b-bde1-54374c459795,"[{'text': 'Dr. Neumann', 'type': 'DOCTOR_NAME', 'start': 0, 'end': 11}, {'text': 'Metformin', 'type': 'MEDICAL_CHEMICAL', 'start': 23, 'end': 32, 'confidence': None, 'source': 'scispacy_bc5cdr'}, {'text': 'Julia Braun', 'type': 'PATIENT_NAME', 'start': 44, 'end': 55}, {'text': '03.09.1988', 'type': 'DATE_OF_BIRTH', 'start': 65, 'end': 75}]","[DOCTOR_NAME_1] prescribed Metformin to patient [PATIENT_NAME_1], age group 30s.","[REDACTED] prescribed [REDACTED] to patient [REDACTED], born on [REDACTED].","{'age group 30s': '03.09.1988', '[PATIENT_NAME_1]': 'Julia Braun', '[DOCTOR_NAME_1]': 'Dr. Neumann'}",PASS,[],[],NONE,[],"You are a careful clinical documentation assistant.
Your primary task is to fulfill the user's request by explaining medical conditions, lab results, or clinical terms in clear, accessible, and simple language.
 Do not refuse to explain a condition if it is mentioned alongside a patient case; instead, focus entirely on explaining the medical concepts requested. 
Use only the anonymized clinical information provided below.
Do not diagnose, prescribe, or create a treatment plan.
Do not invent patient names, phone numbers, addresses, medical IDs, hospitals, dates, medications, tests, or other personal identifiers.
Preserve placeholder tokens exactly if they appear.
Write a short general response

[DOCTOR_NAME_1] prescribed Metformin to patient [PATIENT_NAME_1], age group 30s.","The patient should monitor blood glucose, follow dietary advice, take medication as prescribed, and attend regular follow-up appointments.",The patient should consult a healthcare professional for further guidance.,"Metformin is a medication used to treat type 2 diabetes. It helps lower blood sugar levels by reducing the amount of glucose produced by the liver and improving the body's response to insulin, a hormone that regulates blood sugar.",PASS,[],generic,"Metformin is a medication used to treat type 2 diabetes. It helps lower blood sugar levels by reducing the amount of glucose produced by the liver and improving the body's response to insulin, a hormone that regulates blood sugar."
P026,emergency,Patient Mark Fischer from Nuremberg reports severe chest pain and shortness of breath.,success,d758b350-4421-4a8b-853a-89523c8c4db0,"[{'text': 'Mark Fischer', 'type': 'PATIENT_NAME', 'start': 8, 'end': 20}, {'text': 'Nuremberg', 'type': 'LOCATION', 'start': 26, 'end': 35}, {'text': 'chest pain', 'type': 'MEDICAL_DISEASE', 'start': 51, 'end': 61, 'confidence': None, 'source': 'scispacy_bc5cdr'}, {'text': 'shortness of breath', 'type': 'MEDICAL_DISEASE', 'start': 66, 'end': 85, 'confidence': None, 'source': 'scispacy_bc5cdr'}]",Patient [PATIENT_NAME_1] from [LOCATION_1] reports severe chest pain and shortness of breath.,Patient [REDACTED] from [REDACTED] reports severe [REDACTED] and [REDACTED].,"{'[LOCATION_1]': 'Nuremberg', '[PATIENT_NAME_1]': 'Mark Fischer'}",PASS,[],[],NONE,[],"You are a careful clinical documentation assistant.
Your primary task is to fulfill the user's request by explaining medical conditions, lab results, or clinical terms in clear, accessible, and simple language.
 Do not refuse to explain a condition if it is mentioned alongside a patient case; instead, focus entirely on explaining the medical concepts requested. 
Use only the anonymized clinical information provided below.
Do not diagnose, prescribe, or create a treatment plan.
Do not invent patient names, phone numbers, addresses, medical IDs, hospitals, dates, medications, tests, or other personal identifiers.
Preserve placeholder tokens exactly if they appear.
Write a short general response

Patient [PATIENT_NAME_1] from [LOCATION_1] reports severe chest pain and shortness of breath.","The patient should be evaluated by a healthcare professional, especially if chest pain is severe, sudden, or associated with shortness of breath.",The patient should consult a healthcare professional for further guidance.,"Severe chest pain and shortness of breath can be symptoms of a serious heart or lung condition. Chest pain can be a sign of a heart attack, where the heart muscle is not getting enough blood and oxygen. Shortness of breath can be a sign of fluid buildup in the lungs or a problem with the heart's ability to pump blood effectively.",PASS,[],generic,"Severe chest pain and shortness of breath can be symptoms of a serious heart or lung condition. Chest pain can be a sign of a heart attack, where the heart muscle is not getting enough blood and oxygen. Shortness of breath can be a sign of fluid buildup in the lungs or a problem with the heart's ability to pump blood effectively."
P027,child_patient,"Patient Leo Hoffmann, age 7, lives in Regensburg and has asthma symptoms.",success,14a140f1-b04f-43ba-ac17-abde8350c724,"[{'text': 'Leo Hoffmann', 'type': 'PATIENT_NAME', 'start': 8, 'end': 20}, {'text': 'age 7', 'type': 'DATE_SPACY', 'start': 22, 'end': 27, 'source': 'spacy'}, {'text': 'Regensburg', 'type': 'LOCATION', 'start': 38, 'end': 48}, {'text': 'asthma', 'type': 'MEDICAL_DISEASE', 'start': 57, 'end': 63, 'confidence': None, 'source': 'scispacy_bc5cdr'}]","Patient [PATIENT_NAME_1], [DATE_SPACY_1], lives in [LOCATION_1] and has asthma symptoms.","Patient [REDACTED], [REDACTED], lives in [REDACTED] and has [REDACTED] symptoms.","{'[LOCATION_1]': 'Regensburg', '[DATE_SPACY_1]': 'age 7', '[PATIENT_NAME_1]': 'Leo Hoffmann'}",PASS,[],[],NONE,[],"You are a careful clinical documentation assistant.
Your primary task is to fulfill the user's request by explaining medical conditions, lab results, or clinical terms in clear, accessible, and simple language.
 Do not refuse to explain a condition if it is mentioned alongside a patient case; instead, focus entirely on explaining the medical concepts requested. 
Use only the anonymized clinical information provided below.
Do not diagnose, prescribe, or create a treatment plan.
Do not invent patient names, phone numbers, addresses, medical IDs, hospitals, dates, medications, tests, or other personal identifiers.
Preserve placeholder tokens exactly if they appear.
Write a short general response

Patient [PATIENT_NAME_1], [DATE_SPACY_1], lives in [LOCATION_1] and has asthma symptoms.","The patient should use the inhaler as prescribed, monitor breathing symptoms, and seek medical help if breathing becomes difficult.",The patient should consult a healthcare professional for further guidance.,"Asthma is a chronic condition that affects the lungs and airways. It causes inflammation and constriction of the airways, making it difficult to breathe. When someone has asthma, their airways can become narrow and swollen, leading to wheezing, coughing, and shortness of breath.",PASS,[],generic,"Asthma is a chronic condition that affects the lungs and airways. It causes inflammation and constriction of the airways, making it difficult to breathe. When someone has asthma, their airways can become narrow and swollen, leading to wheezing, coughing, and shortness of breath."
P028,rare_location,Patient Greta Schmid from a small village near Rosenheim has ALS. Explain re-identification risk.,success,3621b218-d2f2-4898-a26e-7562b6e25f64,"[{'text': 'Greta Schmid', 'type': 'PATIENT_NAME', 'start': 8, 'end': 20}, {'text': 'Rosenheim', 'type': 'LOCATION', 'start': 47, 'end': 56}, {'text': 'ALS', 'type': 'MEDICAL_DISEASE', 'start': 61, 'end': 64, 'confidence': None, 'source': 'scispacy_bc5cdr'}]",Patient [PATIENT_NAME_1] from a small village near [LOCATION_1] has ALS. Explain re-identification risk.,Patient [REDACTED] from a small village near [REDACTED] has [REDACTED]. Explain re-identification risk.,"{'[LOCATION_1]': 'Rosenheim', '[PATIENT_NAME_1]': 'Greta Schmid'}",WARN,[],['Quasi-identifier risk level HIGH: Rare disease mentioned: als; Small location context: small village'],HIGH,"['Rare disease mentioned: als', 'Small location context: small village']","You are a careful clinical documentation assistant.
Your primary task is to fulfill the user's request by explaining medical conditions, lab results, or clinical terms in clear, accessible, and simple language.
 Do not refuse to explain a condition if it is mentioned alongside a patient case; instead, focus entirely on explaining the medical concepts requested. 
Use only the anonymized clinical information provided below.
Do not diagnose, prescribe, or create a treatment plan.
Do not invent patient names, phone numbers, addresses, medical IDs, hospitals, dates, medications, tests, or other personal identifiers.
Preserve placeholder tokens exactly if they appear.
Write a short general response

Patient [PATIENT_NAME_1] from a small village near [LOCATION_1] has ALS. Explain re-identification risk.",The patient should consult a healthcare professional for further guidance.,The patient should consult a healthcare professional for further guidance.,"Re-identification risk refers to the possibility of identifying a person's personal information, even if their name and other details are removed from a dataset or medical record. In the case of a patient with a rare condition like ALS, there is a higher risk of re-identification because the condition itself is relatively rare and may be linked to specific geographic locations or demographic characteristics. This means that if a patient's medical information is shared or accessed by unauthorized individuals, it may be possible to guess or infer their identity, potentially compromising their privacy and confidentiality.",PASS,[],generic,"Re-identification risk refers to the possibility of identifying a person's personal information, even if their name and other details are removed from a dataset or medical record. In the case of a patient with a rare condition like ALS, there is a higher risk of re-identification because the condition itself is relatively rare and may be linked to specific geographic locations or demographic characteristics. This means that if a patient's medical information is shared or accessed by unauthorized individuals, it may be possible to guess or infer their identity, potentially compromising their privacy and confidentiality."
P029,hospital_id,"Patient Emil Wagner, medical record number MRN-445566, was treated at Charité Berlin for pneumonia.",success,50f5f688-311c-451f-9333-0ccb3f79619c,"[{'text': 'Emil Wagner', 'type': 'PATIENT_NAME', 'start': 8, 'end': 19}, {'text': 'MRN-445566', 'type': 'MEDICAL_RECORD_ID', 'start': 43, 'end': 53}, {'text': 'Charité Berlin', 'type': 'HOSPITAL', 'start': 70, 'end': 84}, {'text': 'pneumonia', 'type': 'MEDICAL_DISEASE', 'start': 89, 'end': 98, 'confidence': None, 'source': 'scispacy_bc5cdr'}]","Patient [PATIENT_NAME_1], medical record number [MEDICAL_RECORD_ID_1], was treated at [HOSPITAL_1] for pneumonia.","Patient [REDACTED], medical record number [REDACTED], was treated at [REDACTED] for [REDACTED].","{'[HOSPITAL_1]': 'Charité Berlin', '[MEDICAL_RECORD_ID_1]': 'MRN-445566', '[PATIENT_NAME_1]': 'Emil Wagner'}",PASS,[],[],NONE,[],"You are a careful clinical documentation assistant.
Your primary task is to fulfill the user's request by explaining medical conditions, lab results, or clinical terms in clear, accessible, and simple language.
 Do not refuse to explain a condition if it is mentioned alongside a patient case; instead, focus entirely on explaining the medical concepts requested. 
Use only the anonymized clinical information provided below.
Do not diagnose, prescribe, or create a treatment plan.
Do not invent patient names, phone numbers, addresses, medical IDs, hospitals, dates, medications, tests, or other personal identifiers.
Preserve placeholder tokens exactly if they appear.
Write a short general response

Patient [PATIENT_NAME_1], medical record number [MEDICAL_RECORD_ID_1], was treated at [HOSPITAL_1] for pneumonia.","Suspected pneumonia requires clinical assessment, especially if fever, cough, shortness of breath, or worsening symptoms are present.",The patient should consult a healthcare professional for further guidance.,"Pneumonia is an infection in one or both lungs. It's usually caused by a virus or bacteria. When the lungs become infected, they can become inflamed and fill with fluid, making it hard to breathe.",PASS,[],generic,"Pneumonia is an infection in one or both lungs. It's usually caused by a virus or bacteria. When the lungs become infected, they can become inflamed and fill with fluid, making it hard to breathe."
P030,mixed_case,"Dr. Becker referred patient Alina Wolf, phone +49 160 33334444, from Dresden for Parkinson's disease evaluation.",success,e3cb68b6-09d6-4e8f-912a-935edd4e72be,"[{'text': 'Dr. Becker', 'type': 'DOCTOR_NAME', 'start': 0, 'end': 10}, {'text': 'Alina Wolf', 'type': 'PATIENT_NAME', 'start': 28, 'end': 38}, {'text': '+49 160 33334444', 'type': 'PHONE', 'start': 46, 'end': 62}, {'text': 'Dresden', 'type': 'LOCATION', 'start': 69, 'end': 76}, {'text': ""Parkinson's disease"", 'type': 'MEDICAL_DISEASE', 'start': 81, 'end': 100, 'confidence': None, 'source': 'scispacy_bc5cdr'}]","[DOCTOR_NAME_1] referred patient [PATIENT_NAME_1], phone [PHONE_1], from [LOCATION_1] for Parkinson's disease evaluation.","[REDACTED] referred patient [REDACTED], phone [REDACTED], from [REDACTED] for [REDACTED] evaluation.","{'[LOCATION_1]': 'Dresden', '[PHONE_1]': '+49 160 33334444', '[PATIENT_NAME_1]': 'Alina Wolf', '[DOCTOR_NAME_1]': 'Dr. Becker'}",PASS,[],[],NONE,[],"You are a careful clinical documentation assistant.
Your primary task is to fulfill the user's request by explaining medical conditions, lab results, or clinical terms in clear, accessible, and simple language.
 Do not refuse to explain a condition if it is mentioned alongside a patient case; instead, focus entirely on explaining the medical concepts requested. 
Use only the anonymized clinical information provided below.
Do not diagnose, prescribe, or create a treatment plan.
Do not invent patient names, phone numbers, addresses, medical IDs, hospitals, dates, medications, tests, or other personal identifiers.
Preserve placeholder tokens exactly if they appear.
Write a short general response

[DOCTOR_NAME_1] referred patient [PATIENT_NAME_1], phone [PHONE_1], from [LOCATION_1] for Parkinson's disease evaluation.","Parkinson's disease affects movement and may cause tremor, stiffness, and slower movements. The patient should follow up with a clinician.",The patient should consult a healthcare professional for further guidance.,"Parkinson's disease is a neurological disorder that affects movement. It is characterized by the loss of nerve cells in a part of the brain that controls movement, leading to symptoms such as tremors, stiffness, and difficulty with balance and coordination.",PASS,[],generic,"Parkinson's disease is a neurological disorder that affects movement. It is characterized by the loss of nerve cells in a part of the brain that controls movement, leading to symptoms such as tremors, stiffness, and difficulty with balance and coordination."
